Time (ms),roll,pitch,yaw,thrust
0.10821390151977539,0.001024016528390348,-0.001424818066880107,0.0016184044070541859,-0.6401351094245911
0.21224236488342285,0.0011510370532050729,8.90283117769286e-05,0.006530194543302059,-0.6438131928443909
0.3085513114929199,0.003657866735011339,0.0016566435806453228,0.00027836934896185994,-0.6504669189453125
0.4085657596588135,0.006265542935580015,0.0019462170312181115,-0.001714264159090817,-0.6483790874481201
0.5117647647857666,0.006382072810083628,-0.0019143145764246583,0.0034436280839145184,-0.6046785712242126
0.6125144958496094,0.0018553014378994703,-0.0009499746956862509,0.00284552457742393,-0.6138278245925903
0.7088112831115723,0.005357164889574051,-0.001510501024313271,0.0020628126803785563,-0.6119683384895325
0.8088481426239014,0.0036355224438011646,-0.0015364261344075203,0.008673595264554024,-0.6102313995361328
0.9109742641448975,0.00140232197009027,-0.0004447998071555048,0.0047787632793188095,-0.601686954498291
